Feature type,Exact-match accuracy,Micro-F1,Macro-F1
unigrams,0.007135575942915392,0.37484035759897827,0.11218880828466819
