K,Feature type,Top-K accuracy,Micro-F1,Macro-F1
3,unigrams,0.7721612397380315,0.38608061986901576,0.17748708594859858
